,Passes,R1
count,81.0,81.0
mean,2.3333333333333335,1.4596296296296296
std,1.2549900398011131,0.587584982033332
min,1.0,0.23
25%,1.0,1.09
50%,2.0,1.5
75%,4.0,1.89
max,4.0,2.5
