Feature,Importance
Passes,0.7079980827809372
Composition_C,0.1658061253451432
Composition_A,0.0537350880709421
Techniques_Buired,0.021103911263378808
Techniques_Sandwich,0.018507717331899032
Techniques_Groove,0.01687409686865968
Composition_B,0.015974978339039932
