Model,Test R2,CV R2,RMSE,MAE,Best Parameters
Ridge,0.8430603465288167,0.7449187861744317,0.17567566275783777,0.1419625717621242,"{'alpha': 1.0, 'max_iter': 1000, 'solver': 'sag', 'tol': 0.0001}"
Lasso,0.847762195025179,0.7444837517804629,0.17302406566663867,0.1416209423387779,"{'alpha': 0.01, 'max_iter': 1000, 'tol': 0.0001}"
ElasticNet,0.8373076656160334,0.7248821881961333,0.1788664144814301,0.14301163415274953,"{'alpha': 0.1, 'l1_ratio': 0.1, 'max_iter': 1000, 'tol': 1e-05}"
SVR,0.8352780666785486,0.7433401858920778,0.1799786423446515,0.1527271742306936,"{'C': 100.0, 'epsilon': 0.1, 'gamma': 'scale', 'kernel': 'linear'}"
RandomForest,0.8663315133419849,0.647710787125886,0.16212865190020204,0.12313089848060445,"{'max_depth': 10, 'min_samples_split': 5, 'n_estimators': 100}"
GradientBoosting,0.8672591932523602,0.6229436959700775,0.16156507344437365,0.1319357453633063,"{'learning_rate': 0.01, 'max_depth': 3, 'n_estimators': 200, 'subsample': 0.8}"
XGBoost,0.857139480029296,0.6345673482694932,0.1676105569618528,0.14345833343618053,"{'colsample_bytree': 1.0, 'learning_rate': 0.01, 'max_depth': 3, 'n_estimators': 200, 'subsample': 0.8}"
