Feature,R2_without_feature,Sensitivity,Relative_Importance
Passes,0.24703970188580426,0.6001029924640124,70.83847815326936
Composition_A,0.843416653365353,0.003726040984463719,0.43983628842168804
Techniques_Groove,0.8466329453787397,0.0005097489710770287,0.06017274002088418
Composition_B,0.8473257951564288,-0.00018310080661210204,-0.021613927362335597
Techniques_Buired,0.8480142504419301,-0.0008715560921134236,-0.10288185189182848
Composition_C,0.8497666763928733,-0.002623982043056583,-0.30974498872005185
Techniques_Sandwich,0.8515118125467098,-0.004369118196893118,-0.5157476097042214
